"","parametros","valores.medios","desvios.padroes","bias.processo","cp.processo"
"1",0.2,0.242706885708604,0.069702879863465,21.3534428543019,0.95
"2",0.4,0.415861303946809,0.0787080889631249,3.96532598670226,0.955
"3",0.8,0.80448932749444,0.113018772704664,0.561165936805029,0.92
"4",1.4,1.49948888162717,0.156820393482792,7.10634868765521,0.95
"5",0.5,0.498315221420951,0.0632691835708432,-0.33695571580982,0.97
"6",2.3,2.29357802717342,0.150999599024549,-0.279216209851138,0.985
