"","parametros","valores.medios","desvios.padroes","bias.processo","cp.processo"
"1",0.2,0.239183920311628,0.0707255057041504,19.5919601558141,0.942
"2",0.4,0.410951582574151,0.0808064976832,2.73789564353777,0.924
"3",0.8,0.802621804297087,0.109109878408744,0.327725537135913,0.93
"4",1.4,1.484253668568,0.14988020832624,6.01811918342827,0.936
"5",0.5,0.504187474843437,0.0650279176516589,0.837494968687453,0.954
"6",2.3,2.29206320415114,0.168119751463804,-0.345078080385245,0.946
