"","parametros","valores.medios","desvios.padroes","bias.processo","cp.processo"
"1",0.2,0.223283438289404,0.0558589388132465,11.6417191447021,1
"2",0.4,0.385085856280877,0.072188184550857,-3.72853592978065,0.98
"3",0.8,0.79485384956002,0.125495284974717,-0.643268804997477,0.88
"4",1.4,1.48330631252527,0.123385504007538,5.95045089466221,0.98
"5",0.5,0.517469161197865,0.0697382166528602,3.49383223957293,0.92
"6",2.3,2.36858998174732,0.174482670537855,2.98217311944877,0.94
