;Theta;esperanca.est;dp.est;bias;prob.cobertura
1;1.1;137.532.358.388.157;134.523.957.333.908;0.250294167165065;0.708333333333333
2;0.3;0.466760441872908;0.259193074420059;0.555868139576361;0.855
3;0.9;139.211.043.214.192;0.911204674835519;0.546789369046572;0.803333333333333
4;0.8;106.465.574.614.974;102.833.065.537.608;0.330819682687175;0.745
5;1.2;254.616.496.319.805;935.879.143.067.544;112.180.413.599.838;0.861666666666667
6;0.5;146.226.847.369.635;964.006.797.532.634;192.453.694.739.271;0.833333333333333
7;-0.5;-124.885.208.809.931;717.425.117.324.368;149.770.417.619.861;0.836666666666667
8;-0.5;-0.525094878462402;0.464764308831456;0.0501897569248043;0.921666666666667
9;0.8;0.868864120867609;0.288815077073358;0.086080151084511;0.906666666666667
