"","parametros","valores.medios","desvios.padroes","bias.processo","cp.processo"
"1",0.2,0.250971562247583,0.0762052684544032,25.4857811237916,0.95
"2",0.4,0.424099396653972,0.0886310001925483,6.02484916349298,0.93
"3",0.8,0.792984116290352,0.0976556003148589,-0.876985463705985,0.95
"4",1.4,1.50683384117728,0.153474972716003,7.63098865551968,0.94
"5",0.5,0.499529191678381,0.0672425689630345,-0.094161664323805,0.97
"6",2.3,2.27109912745318,0.160574032238387,-1.25655967594848,0.94
