"","parametros","valores.medios","desvios.padroes","bias.processo","cp.processo"
"1",0.2,0.23881384406413,0.0679679779133115,19.4069220320649,0.957
"2",0.4,0.418100414127149,0.0802360120397208,4.52510353178728,0.925
"3",0.8,0.806493626188659,0.110531144638461,0.811703273582428,0.924
"4",1.4,1.48596022463542,0.15609791066517,6.14001604538689,0.945
"5",0.5,0.497830710119101,0.0701192883446396,-0.433857976179822,0.939
"6",2.3,2.28387612455298,0.171248278199446,-0.70103806291395,0.947
